City_ID,City,Country,Date,Lat,Lng,Max Temp,Humidity,Cloudiness,Wind Speed
0,Saint-Francois,FR,2022-02-03 08:47:28,46.4154,3.9054,42.67,100,100,6.91
1,Saint-Philippe,RE,2022-02-03 08:47:29,-21.3585,55.7679,79.11,97,100,34.76
2,Santa Cruz,BO,2022-02-03 08:45:04,-17.8,-63.1667,72.86,94,20,6.91
3,Vila Velha,BR,2022-02-03 08:47:30,-20.3297,-40.2925,75.15,97,75,2.3
4,Quatre Cocos,MU,2022-02-03 08:47:31,-20.2078,57.7625,79.09,91,100,23.85
5,Richards Bay,ZA,2022-02-03 08:47:32,-28.783,32.0377,93.9,47,6,6.26
6,Port Hardy,CA,2022-02-03 08:46:10,50.6996,-127.4199,40.75,93,100,12.66
7,Narsaq,GL,2022-02-03 08:47:33,60.9167,-46.05,23.22,94,100,10.56
8,Svetlyy,RU,2022-02-03 08:47:33,54.675,20.1347,32.97,93,98,10.4
9,Rawson,AR,2022-02-03 08:47:34,-43.3002,-65.1023,68.34,51,4,12.26
10,Bethel,US,2022-02-03 08:47:35,41.3712,-73.414,39.76,91,100,0.0
11,Port Alfred,ZA,2022-02-03 08:47:36,-33.5906,26.891,75.65,80,93,12.08
12,Bluff,NZ,2022-02-03 08:47:37,-46.6,168.3333,55.8,59,100,13.4
13,Bredasdorp,ZA,2022-02-03 08:47:38,-34.5322,20.0403,67.32,73,84,21.85
14,Myslenice,PL,2022-02-03 08:47:39,49.8338,19.9383,33.39,84,99,8.12
15,Georgetown,MY,2022-02-03 08:46:27,5.4112,100.3354,86.95,74,40,5.01
16,Lorengau,PG,2022-02-03 08:47:40,-2.0226,147.2712,80.19,78,100,6.93
17,Busselton,AU,2022-02-03 08:47:41,-33.65,115.3333,97.05,30,57,6.29
18,Mahebourg,MU,2022-02-03 08:47:41,-20.4081,57.7,79.25,94,75,26.46
19,Barrow,US,2022-02-03 08:47:42,71.2906,-156.7887,-23.78,76,40,6.91
20,Bontang,ID,2022-02-03 08:47:43,0.1333,117.5,83.3,71,94,7.31
21,Chokurdakh,RU,2022-02-03 08:47:44,70.6333,147.9167,-26.72,97,86,5.3
22,Boyolangu,ID,2022-02-03 08:47:45,-8.1181,111.8935,83.55,75,53,7.31
23,Yellowknife,CA,2022-02-03 08:47:46,62.456,-114.3525,-30.59,80,0,10.36
24,Hermanus,ZA,2022-02-03 08:47:47,-34.4187,19.2345,62.91,80,99,14.88
25,Dingli,MT,2022-02-03 08:47:48,35.8614,14.3822,56.8,77,0,11.5
26,Vaini,TO,2022-02-03 08:47:48,-21.2,-175.2,78.96,94,40,2.3
27,Punta Arenas,CL,2022-02-03 08:47:49,-53.15,-70.9167,42.91,65,75,6.91
28,Hithadhoo,MV,2022-02-03 08:47:50,-0.6,73.0833,82.0,69,67,4.03
29,Pavlodar,KZ,2022-02-03 08:47:51,52.3,76.95,8.4,92,0,6.71
30,Bengkulu,ID,2022-02-03 08:45:00,-3.8004,102.2655,84.97,64,87,6.08
31,Atuona,PF,2022-02-03 08:47:52,-9.8,-139.0333,78.33,78,88,15.12
32,Aksay,RU,2022-02-03 08:47:53,47.26,39.87,46.62,88,100,11.99
33,Batticaloa,LK,2022-02-03 08:47:54,7.7102,81.6924,81.28,60,3,5.93
34,San Cristobal,VE,2022-02-03 08:47:55,7.7669,-72.225,63.19,70,62,1.99
35,Butaritari,KI,2022-02-03 08:47:55,3.0707,172.7902,82.13,77,100,14.0
36,Namatanai,PG,2022-02-03 08:47:56,-3.6667,152.4333,77.18,88,100,9.86
37,Upernavik,GL,2022-02-03 08:47:57,72.7868,-56.1549,-8.19,64,100,7.63
38,Albany,US,2022-02-03 08:46:30,42.6001,-73.9662,44.47,89,100,4.99
39,Cape Town,ZA,2022-02-03 08:47:46,-33.9258,18.4232,65.88,89,75,7.0
40,Vanavara,RU,2022-02-03 08:47:58,60.34,102.2797,11.8,96,100,4.79
41,Provideniya,RU,2022-02-03 08:48:00,64.3833,-173.3,3.4,65,97,26.4
42,Alta Floresta,BR,2022-02-03 08:48:00,-9.8756,-56.0861,70.77,95,100,1.52
43,Tautira,PF,2022-02-03 08:48:01,-17.7333,-149.15,82.42,76,31,20.18
44,Arraial Do Cabo,BR,2022-02-03 08:45:13,-22.9661,-42.0278,73.36,88,75,1.14
45,Kurilsk,RU,2022-02-03 08:48:02,45.2333,147.8833,22.24,67,100,17.72
46,Puerto Ayora,EC,2022-02-03 08:48:03,-0.7393,-90.3518,74.55,93,22,5.01
47,Kruisfontein,ZA,2022-02-03 08:49:04,-34.0033,24.7314,71.89,62,100,10.2
48,Walvis Bay,NA,2022-02-03 08:49:05,-22.9575,14.5053,74.35,60,20,4.61
49,Mataura,NZ,2022-02-03 08:49:06,-46.1927,168.8643,55.47,65,100,4.34
50,Thompson,CA,2022-02-03 08:48:05,55.7435,-97.8558,-21.84,69,0,9.22
51,Kaitangata,NZ,2022-02-03 08:49:07,-46.2817,169.8464,57.92,74,100,2.28
52,Qaqortoq,GL,2022-02-03 08:49:07,60.7167,-46.0333,23.5,91,100,9.48
53,Eureka,US,2022-02-03 08:49:08,40.8021,-124.1637,48.2,91,83,4.88
54,Huarmey,PE,2022-02-03 08:49:09,-10.0681,-78.1522,70.12,83,89,8.19
55,Qaanaaq,GL,2022-02-03 08:49:10,77.484,-69.3632,-12.84,72,97,8.21
56,Balikpapan,ID,2022-02-03 08:49:11,-1.2675,116.8289,83.39,79,20,4.61
57,Ushuaia,AR,2022-02-03 08:49:12,-54.8,-68.3,40.66,60,40,13.8
58,Mogadishu,SO,2022-02-03 08:49:13,2.0371,45.3438,84.07,74,40,20.71
59,Ustka,PL,2022-02-03 08:49:14,54.5805,16.8619,35.15,97,100,13.53
60,Nouadhibou,MR,2022-02-03 08:49:15,20.931,-17.0347,64.38,55,4,11.5
61,Tasiilaq,GL,2022-02-03 08:49:16,65.6145,-37.6368,10.56,60,52,6.69
62,Hilo,US,2022-02-03 08:45:59,19.7297,-155.09,71.4,88,75,4.61
63,Longyearbyen,SJ,2022-02-03 08:49:17,78.2186,15.6401,17.44,53,0,3.44
64,Castro,BR,2022-02-03 08:49:17,-24.7911,-50.0119,61.21,98,83,3.85
65,Severo-Kurilsk,RU,2022-02-03 08:49:18,50.6789,156.125,29.73,82,100,10.74
66,Harboore,DK,2022-02-03 08:49:19,56.6175,8.1807,44.19,98,100,16.84
67,Lompoc,US,2022-02-03 08:46:18,34.6391,-120.4579,50.31,61,0,3.44
68,Sao Joao Da Barra,BR,2022-02-03 08:49:20,-21.6403,-41.0511,72.43,94,100,5.03
69,San Carlos De Bariloche,AR,2022-02-03 08:48:07,-41.1456,-71.3082,56.95,82,40,2.3
70,Carnarvon,AU,2022-02-03 08:49:22,-24.8667,113.6333,86.07,66,0,19.57
71,New Norfolk,AU,2022-02-03 08:49:23,-42.7826,147.0587,59.92,56,78,1.01
72,Bilibino,RU,2022-02-03 08:49:24,68.0546,166.4372,-5.55,61,0,4.99
73,Suluq,LY,2022-02-03 08:49:24,31.6682,20.2521,57.51,48,36,28.61
74,Arkhangelsk,RU,2022-02-03 08:49:25,64.5401,40.5433,12.31,85,100,2.24
75,Vao,NC,2022-02-03 08:49:26,-22.6667,167.4833,79.83,83,0,8.57
76,Santiago Del Estero,AR,2022-02-03 08:49:27,-27.7951,-64.2615,73.08,85,100,1.32
77,Kapaa,US,2022-02-03 08:49:28,22.0752,-159.319,71.58,72,0,5.75
78,Hasaki,JP,2022-02-03 08:49:29,35.7333,140.8333,46.69,41,30,4.59
79,Moffat,GB,2022-02-03 08:49:29,55.3323,-3.4454,47.61,95,100,9.53
80,Umred,IN,2022-02-03 08:49:30,20.85,79.3333,86.29,20,1,13.71
81,Rikitea,PF,2022-02-03 08:49:31,-23.1203,-134.9692,77.47,78,100,9.8
82,Arenapolis,BR,2022-02-03 08:49:32,-14.4503,-56.8461,69.78,98,91,3.62
83,Keskin,TR,2022-02-03 08:49:33,39.6731,33.6136,32.31,99,100,2.8
84,Clyde River,CA,2022-02-03 08:49:34,70.4692,-68.5914,-16.37,76,100,27.63
85,Yumen,CN,2022-02-03 08:49:34,40.2833,97.2,28.18,35,23,8.79
86,Marion,US,2022-02-03 08:49:35,39.7684,-86.1555,29.79,89,100,13.8
87,Tamandare,BR,2022-02-03 08:49:36,-8.7597,-35.1047,79.59,74,88,8.43
88,Avarua,CK,2022-02-03 08:49:37,-21.2078,-159.775,78.85,89,20,12.66
89,Dunedin,NZ,2022-02-03 08:46:40,-45.8742,170.5036,57.79,81,100,5.01
90,Fort Saint James,CA,2022-02-03 08:49:38,54.4333,-124.25,3.65,98,100,2.08
91,Kuala Terengganu,MY,2022-02-03 08:49:39,5.3302,103.1408,82.35,89,40,9.22
92,Tiksi,RU,2022-02-03 08:49:40,71.6872,128.8694,-6.92,97,97,6.69
93,Svetlogorsk,BY,2022-02-03 08:49:40,52.6333,29.7333,24.31,94,100,12.5
94,Biak,ID,2022-02-03 08:49:41,-0.9131,122.8766,81.23,74,97,2.1
95,Wakkanai,JP,2022-02-03 08:49:42,45.4094,141.6739,22.98,68,75,18.41
96,Ravar,IR,2022-02-03 08:50:43,31.2656,56.8055,57.43,24,0,4.97
97,Pirot,RS,2022-02-03 08:50:44,43.1531,22.5861,39.97,99,94,7.63
98,Saint George,US,2022-02-03 08:50:45,37.1041,-113.5841,30.79,35,0,1.01
99,Bathsheba,BB,2022-02-03 08:50:46,13.2167,-59.5167,75.81,78,20,13.8
100,Fortuna,US,2022-02-03 08:50:46,40.5982,-124.1573,47.93,93,100,1.01
101,Liwale,TZ,2022-02-03 08:50:47,-9.7667,37.9333,84.92,59,96,6.49
102,Saskylakh,RU,2022-02-03 08:50:48,71.9167,114.0833,-33.05,100,16,2.37
103,Broome,US,2022-02-03 08:50:49,42.2506,-75.833,40.62,76,100,1.01
104,Adrar,MR,2022-02-03 08:50:50,20.5022,-10.0711,63.55,15,0,13.24
105,Macusani,PE,2022-02-03 08:50:51,-14.0833,-70.4333,37.38,95,100,2.91
106,East London,ZA,2022-02-03 08:50:52,-33.0153,27.9116,76.14,94,20,13.8
107,Khatanga,RU,2022-02-03 08:50:52,71.9667,102.5,-33.7,99,24,1.41
108,Chara,RU,2022-02-03 08:50:54,56.9064,118.2631,-19.43,85,33,2.04
109,Esperance,AU,2022-02-03 08:50:55,-33.8667,121.9,85.84,54,5,25.5
110,Cherskiy,RU,2022-02-03 08:50:56,68.75,161.3,-22.7,90,76,1.03
111,Jamestown,US,2022-02-03 08:49:28,42.097,-79.2353,35.29,69,100,5.99
112,Deputatskiy,RU,2022-02-03 08:50:57,69.3,139.9,-24.2,92,86,3.53
113,Souillac,MU,2022-02-03 08:50:58,-20.5167,57.5167,79.36,94,75,26.46
114,Longonjo,AO,2022-02-03 08:50:58,-12.9067,15.2533,72.99,41,47,2.86
115,Boralday,KZ,2022-02-03 08:50:59,43.3578,76.8594,31.86,80,100,4.47
116,Melhus,NO,2022-02-03 08:51:00,63.2855,10.2781,28.08,82,100,5.46
117,Acarau,BR,2022-02-03 08:51:01,-2.8856,-40.12,76.8,88,92,8.39
118,Ugoofaaru,MV,2022-02-03 08:51:02,5.6667,73.0,81.46,69,24,3.18
119,Belyy Yar,RU,2022-02-03 08:51:03,53.6039,91.3903,-2.31,65,70,4.47
120,Brainerd,US,2022-02-03 08:51:04,46.358,-94.2008,-16.76,76,0,0.0
121,Chuy,UY,2022-02-03 08:51:04,-33.6971,-53.4616,68.09,96,48,5.64
122,Zhigansk,RU,2022-02-03 08:51:05,66.7697,123.3711,-31.58,100,16,2.84
123,Bullhead City,US,2022-02-03 08:50:30,35.1478,-114.5683,44.89,20,0,14.97
124,Vilyuysk,RU,2022-02-03 08:51:06,63.7553,121.6247,-20.15,99,90,5.08
125,Bati,ET,2022-02-03 08:51:07,11.1833,40.0167,73.92,34,96,11.18
126,Leh,IN,2022-02-03 08:50:16,34.1667,77.5833,17.58,85,100,1.03
127,Ngunut,ID,2022-02-03 08:51:09,-8.1058,112.0159,83.08,74,49,9.28
128,Port-Gentil,GA,2022-02-03 08:51:09,-0.7193,8.7815,80.56,89,75,2.3
129,Gunjur,GM,2022-02-03 08:51:10,13.2019,-16.7339,64.47,100,0,0.0
130,Timizart,DZ,2022-02-03 08:51:11,36.8,4.2667,58.68,42,1,4.72
131,Yinchuan,CN,2022-02-03 08:51:12,38.4681,106.2731,29.05,14,88,6.62
132,Ridgecrest,US,2022-02-03 08:51:13,35.6225,-117.6709,37.65,22,0,1.01
133,Mineiros,BR,2022-02-03 08:51:14,-17.5694,-52.5511,67.08,95,100,4.47
134,Walla Walla,US,2022-02-03 08:51:15,46.0646,-118.343,41.54,90,100,3.0
135,Constitucion,CL,2022-02-03 08:51:16,-35.3333,-72.4167,54.91,90,48,3.53
136,Yulara,AU,2022-02-03 08:51:16,-25.2406,130.9889,82.24,28,100,14.97
137,Kieta,PG,2022-02-03 08:51:17,-6.2167,155.6333,80.37,87,100,12.64
138,Ponta Do Sol,PT,2022-02-03 08:51:18,32.6667,-17.1,67.71,70,100,10.51
139,Leningradskiy,RU,2022-02-03 08:51:19,69.3833,178.4167,-13.38,87,12,9.31
140,Hualmay,PE,2022-02-03 08:52:20,-11.0964,-77.6139,68.97,84,25,7.4
141,Isangel,VU,2022-02-03 08:52:21,-19.55,169.2667,79.77,87,100,4.79
142,Toul,FR,2022-02-03 08:52:22,48.6667,5.9167,44.19,93,100,11.5
143,Novodugino,RU,2022-02-03 08:52:22,55.6305,34.2842,25.12,95,100,6.04
144,Avera,US,2022-02-03 08:52:23,33.194,-82.5271,57.94,97,100,9.46
145,Gariaband,IN,2022-02-03 08:52:24,20.635,82.0614,83.75,17,0,5.39
146,Benghazi,LY,2022-02-03 08:52:25,32.1167,20.0667,57.51,53,34,33.98
147,Codrington,AU,2022-02-03 08:52:26,-38.2667,141.9667,59.85,61,81,15.12
148,Wad Rawah,SD,2022-02-03 08:52:27,15.1603,33.1397,86.63,11,83,10.47
149,Huntingdon,GB,2022-02-03 08:52:27,52.3305,-0.1865,46.36,87,100,7.0
150,Comodoro Rivadavia,AR,2022-02-03 08:52:28,-45.8667,-67.5,67.86,52,0,12.66
151,Ulaanbaatar,MN,2022-02-03 08:52:29,47.9077,106.8832,6.93,66,0,8.95
152,Mantsala,FI,2022-02-03 08:52:30,60.6609,25.2838,17.35,92,91,0.18
153,Mandalgovi,MN,2022-02-03 08:52:31,45.7625,106.2708,9.1,69,0,11.05
154,Slave Lake,CA,2022-02-03 08:52:32,55.2834,-114.769,-7.62,84,75,6.91
155,Anloga,GH,2022-02-03 08:52:33,5.7947,0.8973,75.42,72,56,6.58
156,Mehamn,NO,2022-02-03 08:52:34,71.0357,27.8492,22.91,88,100,13.44
157,Beloha,MG,2022-02-03 08:52:34,-25.1667,45.05,95.95,19,1,9.66
158,Alindao,CF,2022-02-03 08:52:35,5.0267,21.2088,93.25,13,100,8.43
159,Marawi,PH,2022-02-03 08:52:36,7.9986,124.2928,73.65,90,100,2.66
160,Gambela,ET,2022-02-03 08:52:37,8.25,34.5833,98.56,20,100,4.79
161,Dorado,PR,2022-02-03 08:52:38,18.4588,-66.2677,74.75,97,7,6.2
162,Fort Nelson,CA,2022-02-03 08:52:39,58.8053,-122.7002,-9.81,70,100,8.05
163,Birao,CF,2022-02-03 08:52:40,10.2849,22.7882,89.67,11,16,5.79
164,Sitka,US,2022-02-03 08:52:40,57.0531,-135.33,35.49,100,100,4.61
165,Norman Wells,CA,2022-02-03 08:52:41,65.282,-126.8329,-36.36,67,40,4.61
166,Sao Filipe,CV,2022-02-03 08:52:42,14.8961,-24.4956,73.47,76,0,10.25
167,Snasa,NO,2022-02-03 08:52:43,64.2457,12.3778,18.81,91,100,7.02
168,Suhbaatar,MN,2022-02-03 08:52:44,50.2314,106.2078,2.61,92,87,3.24
169,Husavik,IS,2022-02-03 08:52:45,66.0449,-17.3389,10.31,93,100,9.22
170,Tuatapere,NZ,2022-02-03 08:52:46,-46.1333,167.6833,55.81,67,100,6.89
171,Airai,TL,2022-02-03 08:52:47,-8.9266,125.4092,66.04,84,79,3.36
172,Salalah,OM,2022-02-03 08:52:48,17.0151,54.0924,86.74,26,0,15.23
173,Mar Del Plata,AR,2022-02-03 08:52:49,-38.0023,-57.5575,71.1,86,100,3.0
174,Charters Towers,AU,2022-02-03 08:52:49,-20.1,146.2667,76.62,90,100,15.61
175,Khorixas,NA,2022-02-03 08:52:50,-20.3667,14.9667,77.32,32,0,1.88
176,Guerrero Negro,MX,2022-02-03 08:52:51,27.9769,-114.0611,54.7,31,0,6.29
177,Tura,IN,2022-02-03 08:52:52,25.5198,90.2201,74.17,34,54,1.52
178,Aklavik,CA,2022-02-03 08:52:53,68.2191,-135.0107,-22.97,97,100,5.26
179,Baiyin,CN,2022-02-03 08:52:54,36.5583,104.2081,34.68,26,0,12.21
180,Albury,AU,2022-02-03 08:52:55,-36.0833,146.9167,66.74,94,2,8.01
181,Batagay-Alyta,RU,2022-02-03 08:52:55,67.8006,130.4114,-22.23,94,85,4.07
182,Vardo,NO,2022-02-03 08:52:56,70.3705,31.1107,26.8,61,100,17.78
183,Bodden Town,KY,2022-02-03 08:52:57,19.2833,-81.25,75.92,78,0,1.99
184,Lagoa,PT,2022-02-03 08:52:58,39.05,-27.9833,57.36,74,9,8.84
185,Korla,CN,2022-02-03 08:52:59,41.7597,86.1469,33.12,35,98,7.78
186,Krasnodon,UA,2022-02-03 08:53:00,48.2923,39.7373,38.57,90,100,15.28
187,Kirakira,SB,2022-02-03 08:53:00,-10.4544,161.9205,77.94,91,100,7.07
188,Tuktoyaktuk,CA,2022-02-03 08:54:01,69.4541,-133.0374,-13.72,97,100,10.27
189,Katsuura,JP,2022-02-03 08:54:02,35.1333,140.3,48.31,44,89,3.13
190,Mayor Pablo Lagerenza,PY,2022-02-03 08:54:03,-19.9309,-60.7718,74.01,69,0,4.97
191,Broken Hill,AU,2022-02-03 08:54:04,-31.95,141.4333,76.71,25,0,20.71
192,Padang,ID,2022-02-03 08:54:05,-0.9492,100.3543,86.05,79,83,3.36
193,Kaili,ID,2022-02-03 08:54:06,-3.4626,120.2147,72.61,92,100,0.65
194,Vestmannaeyjar,IS,2022-02-03 08:54:06,63.4427,-20.2734,25.79,80,0,14.97
195,The Crossings,US,2022-02-03 08:54:07,25.6707,-80.4012,73.0,81,18,3.0
196,Naze,JP,2022-02-03 08:54:08,28.3667,129.4833,54.52,83,100,20.74
197,Kailahun,SL,2022-02-03 08:54:09,8.2833,-10.5667,72.34,25,0,1.48
198,Nikolskoye,RU,2022-02-03 08:54:10,59.7035,30.7861,19.29,95,92,1.43
199,Olafsvik,IS,2022-02-03 08:54:11,64.8945,-23.7142,28.67,74,91,16.6
200,Yangambi,CD,2022-02-03 08:54:12,0.8102,24.4336,92.14,38,93,2.44
201,Maturin,VE,2022-02-03 08:54:12,9.75,-63.1767,69.06,98,34,3.83
202,Chapais,CA,2022-02-03 08:54:13,49.7834,-74.8492,-2.42,91,100,7.56
203,Hobart,AU,2022-02-03 08:54:15,-42.8794,147.3294,60.26,65,40,1.01
204,Yerbogachen,RU,2022-02-03 08:54:16,61.2767,108.0108,2.52,97,97,5.21
205,Bambous Virieux,MU,2022-02-03 08:54:17,-20.3428,57.7575,79.21,94,75,26.46
206,San Matias,BO,2022-02-03 08:54:18,-16.3667,-58.4,73.09,98,99,4.9
207,Bonavista,CA,2022-02-03 08:54:19,48.6499,-53.1147,31.12,77,9,20.76
208,Saint-Augustin,CA,2022-02-03 08:54:19,51.226,-58.6502,30.7,96,100,19.13
209,Marienburg,PL,2022-02-03 08:54:20,54.0359,19.0266,36.12,89,100,9.91
210,Orotukan,RU,2022-02-03 08:54:21,62.2667,151.7,-23.39,100,78,4.12
211,Port Elizabeth,ZA,2022-02-03 08:54:22,-33.918,25.5701,75.49,69,100,16.11
212,Tarakan,ID,2022-02-03 08:54:23,3.3,117.6333,87.3,62,20,3.44
213,Ancud,CL,2022-02-03 08:54:24,-41.8697,-73.8203,54.93,92,78,2.04
214,Bilma,NE,2022-02-03 08:54:24,18.6853,12.9164,58.37,23,0,18.1
215,Ambon,ID,2022-02-03 08:54:25,-3.6954,128.1814,87.94,62,40,10.36
216,Abonnema,NG,2022-02-03 08:54:26,4.7084,6.7931,85.71,59,18,5.35
217,Lokosovo,RU,2022-02-03 08:54:27,61.1333,74.8167,22.05,92,98,10.67
218,Victoria,HK,2022-02-03 08:51:34,22.2855,114.1577,57.33,81,100,5.99
219,Karratha,AU,2022-02-03 08:54:28,-20.7377,116.8463,86.92,59,89,17.22
220,Roald,NO,2022-02-03 08:54:29,62.5833,6.1333,37.09,60,75,17.27
221,Paidha,UG,2022-02-03 08:54:30,2.4167,30.9855,81.73,26,98,8.7
222,Sedalia,US,2022-02-03 08:54:31,38.7045,-93.2283,11.86,86,100,17.27
223,Cidreira,BR,2022-02-03 08:54:31,-30.1811,-50.2056,73.98,93,21,14.34
224,Robertsport,LR,2022-02-03 08:54:32,6.7533,-11.3686,77.49,84,45,5.48
225,Tomatlan,MX,2022-02-03 08:54:33,19.9333,-105.25,58.14,82,0,3.47
226,Kumluca,TR,2022-02-03 08:54:34,36.3703,30.2869,54.68,80,100,8.55
227,Umba,RU,2022-02-03 08:54:35,66.6871,34.3429,15.21,92,97,6.8
228,Vytegra,RU,2022-02-03 08:54:36,61.0064,36.4481,9.52,93,95,3.13
229,Dalbandin,PK,2022-02-03 08:54:37,28.8947,64.4101,58.53,17,0,1.25
230,Ribeira Grande,PT,2022-02-03 08:54:38,38.5167,-28.7,57.6,72,20,8.05
231,Port Augusta,AU,2022-02-03 08:54:39,-32.5,137.7667,83.71,41,0,22.44
232,Ambilobe,MG,2022-02-03 08:54:36,-13.2,49.05,85.14,67,100,9.35
233,Berlevag,NO,2022-02-03 08:55:40,70.8578,29.0864,22.95,86,75,5.75
234,Santander,ES,2022-02-03 08:55:41,43.4647,-3.8044,52.47,58,0,3.0
235,Flinders,AU,2022-02-03 08:55:42,-34.5833,150.8552,69.21,64,77,18.86
236,Sao Jose Da Coroa Grande,BR,2022-02-03 08:52:25,-8.8978,-35.1478,79.23,75,65,8.93
237,Oranjemund,NA,2022-02-03 08:55:43,-28.55,16.4333,72.41,68,58,9.06
238,Ust-Kuyga,RU,2022-02-03 08:55:44,70.0167,135.6,-33.84,99,98,3.44
239,Kodiak,US,2022-02-03 08:55:45,57.79,-152.4072,37.54,98,100,13.71
240,Dezful,IR,2022-02-03 08:55:45,32.3811,48.4058,65.71,27,15,3.0
241,Troitsk,RU,2022-02-03 08:55:46,54.0979,61.5773,24.15,90,100,13.56
242,Urucara,BR,2022-02-03 08:55:47,-2.5364,-57.76,72.88,93,100,2.42
243,Benguela,AO,2022-02-03 08:55:48,-12.5763,13.4055,80.13,60,10,7.14
244,Tilichiki,RU,2022-02-03 08:55:49,60.4667,166.1,2.5,83,98,11.65
245,Mercedes,AR,2022-02-03 08:55:50,-34.6515,-59.4307,67.84,81,100,6.33
246,Faanui,PF,2022-02-03 08:55:50,-16.4833,-151.75,80.89,77,14,19.39
247,Saint-Jerome,CA,2022-02-03 08:51:21,45.7804,-74.0036,34.57,96,100,4.61
248,Lebyazhye,RU,2022-02-03 08:55:52,55.2689,66.4947,22.24,91,35,11.81
249,Opuwo,NA,2022-02-03 08:55:53,-18.0607,13.84,80.42,26,19,3.78
250,Ilulissat,GL,2022-02-03 08:55:53,69.2167,-51.1,-2.25,65,100,9.73
251,Pangai,TO,2022-02-03 08:55:54,-19.8,-174.35,81.14,77,24,14.07
252,Vershino-Darasunskiy,RU,2022-02-03 08:55:55,52.35,115.5167,-9.36,92,8,2.91
253,Bow Island,CA,2022-02-03 08:55:56,49.8668,-111.3684,7.18,74,76,0.0
254,Mantua,IT,2022-02-03 08:55:57,45.1667,10.7833,49.73,83,13,9.75
255,Pevek,RU,2022-02-03 08:55:58,69.7008,170.3133,-7.71,75,1,4.0
256,Vila Franca Do Campo,PT,2022-02-03 08:55:58,37.7167,-25.4333,59.41,84,41,8.9
257,Nelson Bay,AU,2022-02-03 08:55:59,-32.7167,152.15,67.75,91,81,4.0
258,Lebu,CL,2022-02-03 08:56:00,-37.6167,-73.65,56.59,95,16,8.99
259,Vredendal,ZA,2022-02-03 08:56:02,-31.6683,18.5012,77.25,47,13,10.54
260,Llanes,ES,2022-02-03 08:56:03,43.4198,-4.7549,56.89,63,100,1.61
261,Grand Gaube,MU,2022-02-03 08:56:04,-20.0064,57.6608,79.38,89,100,17.0
262,Rantauprapat,ID,2022-02-03 08:56:05,2.1,99.8333,82.83,83,93,1.83
263,Thongwa,MM,2022-02-03 08:56:05,16.7619,96.5278,89.76,21,5,1.86
264,Bonthe,SL,2022-02-03 08:56:06,7.5264,-12.505,79.27,76,24,4.61
265,Laguna,US,2022-02-03 08:56:07,38.421,-121.4238,51.89,63,0,1.01
266,Greenfield,US,2022-02-03 08:56:09,42.9614,-88.0126,15.48,61,100,5.99
267,Prince Rupert,CA,2022-02-03 08:56:10,54.3161,-130.3201,39.29,100,100,4.61
268,Vostok,RU,2022-02-03 08:56:11,46.4856,135.8833,-2.88,99,100,4.85
269,Winslow,US,2022-02-03 08:56:12,35.0242,-110.6974,18.3,24,0,12.37
270,Nokaneng,BW,2022-02-03 08:56:13,-19.6667,22.2667,85.91,46,6,5.68
271,Tibagi,BR,2022-02-03 08:52:18,-24.5094,-50.4136,65.93,98,99,2.1
272,Chernyshevskiy,RU,2022-02-03 08:56:14,63.0128,112.4714,-8.18,100,100,1.48
273,Madera,US,2022-02-03 08:56:14,37.1666,-119.8343,46.06,87,0,3.94
274,Sabzevar,IR,2022-02-03 08:56:15,36.2126,57.6819,47.48,46,0,0.0
275,Benjamin Constant,BR,2022-02-03 08:53:26,-4.3831,-70.0311,73.53,98,100,1.86
276,Komsomolskiy,UZ,2022-02-03 08:56:16,40.4272,71.7189,45.82,57,7,2.3
277,Taltal,CL,2022-02-03 08:56:17,-25.4,-70.4833,64.38,80,8,0.54
278,Sinnamary,GF,2022-02-03 08:56:18,5.3833,-52.95,75.24,89,69,7.58
279,Gornopravdinsk,RU,2022-02-03 08:57:19,60.05,69.9,20.93,92,98,7.54
280,Kumla,SE,2022-02-03 08:57:20,59.1277,15.1434,25.68,93,100,6.91
281,Harper,LR,2022-02-03 08:57:21,4.375,-7.7169,80.44,75,28,3.74
282,Tevaitoa,PF,2022-02-03 08:57:22,-16.7833,-151.5,80.74,77,14,20.04
283,Placido De Castro,BR,2022-02-03 08:57:23,-10.3353,-67.1856,71.51,97,97,1.99
284,Valparaiso,CL,2022-02-03 08:57:24,-33.0393,-71.6273,56.84,88,0,4.61
285,Congonhas,BR,2022-02-03 08:57:25,-20.4997,-43.8578,65.08,98,96,0.72
286,Brigantine,US,2022-02-03 08:57:26,39.4101,-74.3646,42.06,99,100,0.0
287,Nuevo Progreso,MX,2022-02-03 08:57:26,23.1667,-97.95,73.6,82,49,3.02
288,Dikson,RU,2022-02-03 08:57:27,73.5069,80.5464,-11.31,98,91,10.54
289,Karla,EE,2022-02-03 08:57:28,59.3723,24.9275,25.05,91,20,3.44
290,Vysokogornyy,RU,2022-02-03 08:57:29,50.1167,139.15,-3.48,97,100,6.24
291,Kysyl-Syr,RU,2022-02-03 08:57:30,63.8986,122.7617,-22.43,100,94,3.85
292,Luderitz,NA,2022-02-03 08:57:31,-26.6481,15.1594,73.06,66,0,7.34
293,Praia,CV,2022-02-03 08:57:31,14.9215,-23.5087,72.14,53,0,17.27
294,Chicama,PE,2022-02-03 08:57:32,-7.8447,-79.1469,70.21,75,99,5.21
295,Noumea,NC,2022-02-03 08:53:31,-22.2763,166.4572,78.78,72,33,2.04
296,Curanilahue,CL,2022-02-03 08:57:33,-37.4667,-73.35,53.06,96,16,1.92
297,Eyl,SO,2022-02-03 08:57:34,7.9803,49.8164,83.08,50,20,23.58
298,Maumere,ID,2022-02-03 08:57:35,-8.6199,122.2111,81.59,80,100,6.6
299,Shingu,JP,2022-02-03 08:57:36,33.7333,135.9833,47.39,56,100,6.17
300,Fairmont,US,2022-02-03 08:54:58,39.4851,-80.1426,47.57,95,100,2.64
301,Banda Aceh,ID,2022-02-03 08:55:04,5.5577,95.3222,84.9,66,49,15.03
302,San Carlos,VE,2022-02-03 08:57:37,9.6612,-68.5827,73.51,76,88,2.53
303,Liezen,AT,2022-02-03 08:56:31,47.5667,14.2333,37.98,99,100,2.46
304,Morwell,AU,2022-02-03 08:57:38,-38.2333,146.4,62.91,60,48,3.6
305,Cobh,IE,2022-02-03 08:57:39,51.8572,-8.2992,47.52,99,75,10.36
306,North Bend,US,2022-02-03 08:54:30,43.4065,-124.2243,44.85,100,100,4.61
307,Hofn,IS,2022-02-03 08:57:40,64.2539,-15.2082,28.42,59,100,10.36
308,Anadyr,RU,2022-02-03 08:57:41,64.75,177.4833,12.7,66,67,38.01
309,Marand,IR,2022-02-03 08:57:42,38.4329,45.7749,35.94,82,46,3.51
310,La Roda,ES,2022-02-03 08:57:43,39.2167,-2.15,53.91,43,92,2.39
311,Kavaratti,IN,2022-02-03 08:57:43,10.5669,72.642,80.06,68,19,5.68
312,Lavrentiya,RU,2022-02-03 08:57:44,65.5833,-171.0,0.41,62,20,23.91
313,Geraldton,AU,2022-02-03 08:57:45,-28.7667,114.6,104.41,11,0,14.97
314,Iracoubo,GF,2022-02-03 08:57:46,5.4802,-53.2011,75.25,89,82,7.85
315,Camacha,PT,2022-02-03 08:57:47,33.0833,-16.3333,62.53,88,40,17.27
316,Faya,SA,2022-02-03 08:57:48,18.3851,42.4509,68.11,42,81,5.5
317,Norrtalje,SE,2022-02-03 08:57:49,59.758,18.705,27.23,87,71,1.45
318,Rock Island,US,2022-02-03 08:57:49,41.45,-90.5168,13.37,63,100,1.99
319,Asau,RO,2022-02-03 08:57:51,46.4333,26.4,37.76,80,96,2.08
320,Plettenberg Bay,ZA,2022-02-03 08:57:52,-34.0527,23.3716,72.81,77,99,7.0
321,Klaksvik,FO,2022-02-03 08:57:53,62.2266,-6.589,47.32,86,100,40.89
322,Caldwell,US,2022-02-03 08:57:54,43.6629,-116.6874,30.33,70,100,0.0
323,Fairbanks,US,2022-02-03 08:57:55,64.8378,-147.7164,-14.8,61,0,5.75
324,Kisangani,CD,2022-02-03 08:57:55,0.5167,25.2,92.23,39,92,3.0
325,Srednekolymsk,RU,2022-02-03 08:57:56,67.45,153.6833,-32.73,100,93,1.41
326,Cap Malheureux,MU,2022-02-03 08:57:57,-19.9842,57.6142,79.47,89,100,17.0
327,Beringovskiy,RU,2022-02-03 08:58:58,63.05,179.3167,6.35,75,87,20.33
328,Igarka,RU,2022-02-03 08:58:59,67.4667,86.5833,-10.23,99,49,6.62
329,Oistins,BB,2022-02-03 08:54:46,13.0667,-59.5333,75.29,78,20,13.8
330,Helong,CN,2022-02-03 08:59:00,42.5397,128.9972,10.44,74,42,8.61
331,Santa Rosa,PH,2022-02-03 08:59:01,14.3122,121.1114,85.98,71,99,13.87
332,Bubaque,GW,2022-02-03 08:59:02,11.2833,-15.8333,77.04,78,14,7.27
333,Ferrol,ES,2022-02-03 08:59:03,43.4832,-8.2369,54.68,74,90,9.15
334,Evensk,RU,2022-02-03 08:59:03,61.95,159.2333,20.16,39,28,31.7
335,Fort Morgan,US,2022-02-03 08:58:23,40.2503,-103.8,3.09,99,90,4.12
336,Novikovo,RU,2022-02-03 08:59:04,51.1537,37.8879,32.43,99,100,4.14
337,San Juan,AR,2022-02-03 08:59:05,-31.5375,-68.5364,76.93,43,8,5.26
338,Parry Sound,CA,2022-02-03 08:58:51,45.3501,-80.033,22.91,79,100,10.58
339,Ust-Kut,RU,2022-02-03 08:59:07,56.7938,105.7672,5.11,97,98,0.16
340,Monrovia,LR,2022-02-03 08:59:08,6.3005,-10.7969,74.97,78,74,3.78
341,Bitung,ID,2022-02-03 08:59:09,1.4451,125.1824,76.05,88,100,8.46
342,Misratah,LY,2022-02-03 08:59:10,32.3754,15.0925,60.44,60,0,19.98
343,Coro,VE,2022-02-03 08:59:10,11.4045,-69.6734,74.91,87,20,12.73
344,Manbij,SY,2022-02-03 08:59:11,36.5281,37.9549,50.77,47,10,20.22
345,Acapulco,MX,2022-02-03 08:54:25,16.8634,-99.8901,71.42,94,0,2.3
346,Worland,US,2022-02-03 08:59:12,44.0169,-107.9554,-5.12,90,7,2.17
347,Kudahuvadhoo,MV,2022-02-03 08:59:13,2.6708,72.8944,82.42,70,2,7.2
348,Olga,RU,2022-02-03 08:59:14,43.7444,135.2892,12.18,56,12,14.94
349,Araouane,ML,2022-02-03 08:59:15,18.9048,-3.5265,63.72,20,56,16.02
350,Tateyama,JP,2022-02-03 08:59:16,34.9833,139.8667,48.22,47,99,7.81
351,Sobolevo,RU,2022-02-03 08:59:16,54.4299,31.8996,24.78,94,98,6.87
352,Petropavlovskoye,RU,2022-02-03 08:59:17,52.0712,84.107,13.77,93,37,3.62
353,Marstal,DK,2022-02-03 08:59:18,54.8562,10.5173,42.85,98,100,17.29
354,Kamaishi,JP,2022-02-03 08:59:19,39.2667,141.8833,29.35,62,32,11.86
355,Meulaboh,ID,2022-02-03 08:59:20,4.1363,96.1285,84.56,68,74,9.13
356,Marsaxlokk,MT,2022-02-03 08:59:21,35.8419,14.5431,60.08,77,20,13.8
357,Dergachi,RU,2022-02-03 08:59:21,51.2328,48.7659,33.46,94,100,15.88
358,Wailuku,US,2022-02-03 08:59:22,20.8911,-156.5047,72.97,81,14,10.0
359,Saint-Michel-Des-Saints,CA,2022-02-03 08:57:43,46.6834,-73.9159,19.94,95,100,7.99
360,Muros,ES,2022-02-03 08:59:23,42.7762,-9.0603,55.09,81,78,8.48
361,San Quintin,MX,2022-02-03 08:59:24,30.4833,-115.95,55.15,54,0,8.19
362,Kijang,KR,2022-02-03 08:59:25,35.2442,129.2139,44.33,26,1,8.01
363,Magsalangi,PH,2022-02-03 08:59:26,12.1828,123.5666,78.51,84,73,14.85
364,Dumbarton,GB,2022-02-03 08:59:27,55.9443,-4.5706,49.51,92,100,16.11
365,Ocu,JP,2022-02-03 08:59:28,35.0044,135.8683,45.32,62,95,9.69
366,Mount Isa,AU,2022-02-03 08:59:29,-20.7333,139.5,78.57,73,100,17.27
367,Porto Novo,BJ,2022-02-03 08:59:30,6.4965,2.6036,75.02,57,67,2.46
368,Clarence Town,AU,2022-02-03 08:59:30,-32.5833,151.7833,67.6,77,45,11.68
369,Maningrida,AU,2022-02-03 08:59:31,-12.0667,134.2667,81.19,80,81,12.41
370,Cherrapunji,IN,2022-02-03 08:59:32,25.3,91.7,50.25,44,86,3.78
371,Xichang,CN,2022-02-03 08:59:33,27.8964,102.2634,53.96,55,63,5.82
372,Bandarbeyla,SO,2022-02-03 08:59:34,9.4942,50.8122,79.81,57,9,18.1
373,Twin Falls,US,2022-02-03 09:00:35,42.3505,-114.6445,3.31,84,100,5.32
374,Buchanan,LR,2022-02-03 09:00:36,5.8808,-10.0467,75.16,80,14,4.5
375,Graaff-Reinet,ZA,2022-02-03 09:00:37,-32.2522,24.5308,76.93,71,100,6.49
376,Bambanglipuro,ID,2022-02-03 09:00:37,-7.95,110.2833,69.6,68,53,8.77
377,Polis,CY,2022-02-03 09:00:38,35.0367,32.4264,64.22,59,100,15.08
378,Kurchum,KZ,2022-02-03 09:00:39,48.5722,83.6542,3.0,89,15,2.33
379,Playas,EC,2022-02-03 09:00:40,-2.6333,-80.3833,76.19,74,96,7.34
380,Luis Correia,BR,2022-02-03 09:00:41,-2.8792,-41.6669,76.23,88,83,8.75
381,Gucheng,CN,2022-02-03 09:00:42,35.9115,111.3192,38.37,31,100,2.93
382,Valencia,ES,2022-02-03 09:00:43,39.3333,-0.8333,58.41,37,90,7.47
383,Alyangula,AU,2022-02-03 09:00:43,-13.8483,136.4192,86.67,73,96,8.97
384,Xunchang,CN,2022-02-03 09:00:44,28.4543,104.715,50.25,54,34,5.68
385,Sakakah,SA,2022-02-03 09:00:45,29.9697,40.2064,68.36,31,93,17.45
386,Road Town,VG,2022-02-03 08:59:54,18.4167,-64.6167,75.99,73,2,13.89
387,Hamilton,US,2022-02-03 09:00:15,39.1834,-84.5333,35.11,95,100,3.0
388,Imeni Tsyurupy,RU,2022-02-03 09:00:46,55.4957,38.6506,16.18,90,70,4.09
389,Ruidoso,US,2022-02-03 09:00:47,33.3317,-105.673,20.57,81,100,5.75
390,Bahia Blanca,AR,2022-02-03 09:00:48,-38.7196,-62.2724,70.48,71,27,7.7
391,Balclutha,NZ,2022-02-03 09:00:49,-46.2339,169.75,57.6,75,100,0.83
392,Nanortalik,GL,2022-02-03 09:00:50,60.1432,-45.2371,26.92,86,100,5.39
393,High Prairie,CA,2022-02-03 09:00:51,55.4334,-116.4858,2.82,96,100,4.23
394,Khalkhal,IR,2022-02-03 09:00:52,37.6189,48.5258,34.03,68,43,6.73
395,Sibolga,ID,2022-02-03 09:00:52,1.7427,98.7792,80.85,82,87,1.92
396,Golkoy,TR,2022-02-03 09:00:53,40.6875,37.6178,37.56,94,93,10.58
397,Kahului,US,2022-02-03 09:00:54,20.8947,-156.47,73.85,82,14,5.01
398,Palora,EC,2022-02-03 09:00:55,-1.7,-77.9333,63.25,92,55,4.16
399,Cravo Norte,CO,2022-02-03 09:00:56,6.3017,-70.2041,77.29,57,24,4.97
400,Makat,KZ,2022-02-03 09:00:57,47.6469,53.3463,37.15,83,100,17.65
401,Pekalongan,ID,2022-02-03 09:00:57,-6.8886,109.6753,84.02,72,72,8.46
402,Totma,RU,2022-02-03 09:00:58,59.9747,42.7642,18.41,93,100,6.4
403,Saint Anthony,US,2022-02-03 09:00:59,45.0205,-93.218,-2.6,67,0,4.0
404,Umea,SE,2022-02-03 09:01:00,63.8284,20.2597,8.91,92,75,3.44
405,Santa Rita,BR,2022-02-03 08:58:23,-7.1139,-34.9781,77.67,94,20,4.61
406,Iqaluit,CA,2022-02-03 09:01:01,63.7506,-68.5145,4.73,71,100,8.99
407,Miri,MY,2022-02-03 09:01:02,4.4148,114.0089,82.92,75,83,8.86
408,Delmas,HT,2022-02-03 09:01:03,18.5447,-72.3028,70.5,78,20,5.19
409,Narrabri,AU,2022-02-03 09:01:04,-30.3167,149.7833,75.52,68,0,1.99
410,Hoquiam,US,2022-02-03 09:01:04,46.9809,-123.8893,46.38,96,100,10.36
411,Lakselv,NO,2022-02-03 09:01:05,70.0513,24.9718,10.22,92,100,0.0
412,Fruitvale,US,2022-02-03 09:01:06,39.0817,-108.4968,18.34,53,0,1.99
413,Mokhsogollokh,RU,2022-02-03 09:01:07,61.4681,128.9203,-18.67,98,100,3.83
414,Lima,PE,2022-02-03 08:59:48,-12.0432,-77.0282,67.89,86,40,10.36
415,Erzin,TR,2022-02-03 09:01:08,36.9559,36.2,57.72,55,69,10.33
416,Carlyle,US,2022-02-03 09:01:09,38.6103,-89.3726,20.55,90,100,16.69
417,Muleba,TZ,2022-02-03 09:01:10,-1.8397,31.6544,73.33,68,96,2.53
418,Belmonte,BR,2022-02-03 09:01:11,-15.8631,-38.8828,73.9,83,100,1.7
419,Dodola,ET,2022-02-03 09:01:12,6.9833,39.1833,69.66,31,100,10.56
420,Labuhan,ID,2022-02-03 09:01:12,-6.8844,112.2051,84.54,73,79,9.1
421,Port Lincoln,AU,2022-02-03 09:02:13,-34.7333,135.8667,64.81,68,1,19.89
422,Vung Tau,VN,2022-02-03 09:00:21,10.346,107.0843,81.14,75,5,20.67
423,Doka,SD,2022-02-03 09:02:15,13.5167,35.7667,91.44,17,97,10.33
424,Pochutla,MX,2022-02-03 09:02:15,15.7432,-96.4661,67.82,71,0,4.29
425,Mochudi,BW,2022-02-03 09:02:16,-24.4167,26.15,91.15,35,4,8.14
426,Torbay,CA,2022-02-03 09:02:17,47.6666,-52.7314,30.27,84,8,5.99
427,Hailey,US,2022-02-03 09:02:18,43.5196,-114.3153,4.6,84,94,4.9
428,Cayenne,GF,2022-02-03 09:00:10,4.9333,-52.3333,74.08,92,75,2.3
429,Lazaro Cardenas,MX,2022-02-03 09:02:19,17.9583,-102.2,68.79,85,8,4.99
430,Verkh-Usugli,RU,2022-02-03 09:02:20,52.7,115.1667,-5.55,90,6,4.09
431,Gushikawa,JP,2022-02-03 09:02:21,26.3544,127.8686,63.63,94,75,11.5
432,Novotroitsk,RU,2022-02-03 09:02:22,51.203,58.3266,28.71,83,100,6.8
433,Vanimo,PG,2022-02-03 09:02:23,-2.6741,141.3028,78.85,83,85,3.13
434,Lesnoy,RU,2022-02-03 09:02:23,57.6198,63.0784,27.88,85,100,10.69
435,Moroni,KM,2022-02-03 09:02:24,-11.7022,43.2551,84.2,73,98,10.69
436,Makakilo City,US,2022-02-03 09:02:25,21.3469,-158.0858,72.28,71,26,7.63
437,Pokaran,IN,2022-02-03 09:02:26,26.9167,71.9167,72.25,25,0,17.81
438,Necochea,AR,2022-02-03 09:02:27,-38.5473,-58.7368,65.03,87,100,8.19
439,Aripuana,BR,2022-02-03 09:02:28,-9.1667,-60.6333,70.84,99,100,1.05
440,Biltine,TD,2022-02-03 09:02:29,14.5333,20.9167,75.25,8,0,12.8
441,Nishihara,JP,2022-02-03 09:02:30,26.1842,127.7558,63.68,88,75,11.5
442,Sur,OM,2022-02-03 09:02:30,22.5667,59.5289,75.78,40,0,20.04
443,Lisakovsk,KZ,2022-02-03 09:02:31,52.5369,62.4936,20.39,87,62,12.93
444,Almaznyy,RU,2022-02-03 09:02:32,48.0448,40.045,44.74,90,100,15.82
445,Peleduy,RU,2022-02-03 09:02:33,59.6289,112.7406,4.05,95,100,7.49
446,Tiznit,MA,2022-02-03 09:00:32,29.5833,-9.5,66.34,24,9,7.31
447,Emerald,AU,2022-02-03 09:02:34,-23.5333,148.1667,75.34,83,100,12.24
448,Acari,PE,2022-02-03 09:02:35,-15.4311,-74.6158,70.79,85,28,2.89
449,Jaguaquara,BR,2022-02-03 09:02:36,-13.5306,-39.9708,68.59,83,100,3.18
450,Buala,SB,2022-02-03 09:02:37,-8.145,159.5921,79.83,83,100,10.02
451,Berkak,NO,2022-02-03 09:02:38,62.825,10.0118,17.62,84,100,10.98
452,San Marcos De Colon,HN,2022-02-03 09:02:38,13.4333,-86.8,58.6,84,0,4.27
453,Novobirilyussy,RU,2022-02-03 09:02:39,56.9514,90.6661,17.08,92,100,5.32
454,Binghamton,US,2022-02-03 09:00:20,42.0987,-75.918,41.32,85,100,8.01
455,Humaita,BR,2022-02-03 09:02:40,-7.5061,-63.0208,72.72,99,100,0.47
456,Dingle,PH,2022-02-03 09:02:41,10.9995,122.6711,79.86,80,92,10.87
457,Weifang,CN,2022-02-03 09:00:13,36.71,119.1019,39.54,25,71,5.48
458,Skegness,GB,2022-02-03 09:02:42,53.1436,0.3363,47.17,88,95,12.88
459,Tacoronte,ES,2022-02-03 09:02:43,28.4769,-16.4102,66.13,61,40,14.0
460,Rio Brilhante,BR,2022-02-03 09:02:44,-21.8019,-54.5464,70.83,97,92,4.29
461,Tiassale,CI,2022-02-03 09:02:45,5.8983,-4.8283,82.24,53,10,2.93
462,Dalmatovo,RU,2022-02-03 09:02:45,56.26,62.9362,25.81,91,100,13.89
463,Kushima,JP,2022-02-03 09:02:46,31.4583,131.2333,45.12,90,100,2.37
464,Point Pleasant,US,2022-02-03 08:59:12,40.0832,-74.0682,41.11,90,100,0.0
465,Wasilla,US,2022-02-03 08:57:59,61.5814,-149.4394,26.73,57,100,10.0
466,Okhotsk,RU,2022-02-03 09:02:48,59.3833,143.3,12.99,77,100,13.2
467,Nioki,CD,2022-02-03 09:03:48,-2.7167,17.6833,85.57,53,89,4.0
468,Port Macquarie,AU,2022-02-03 09:02:22,-31.4333,152.9167,67.89,75,67,16.82
469,Diphu,IN,2022-02-03 09:03:49,25.8333,93.4333,68.79,49,85,1.05
470,Inhambane,MZ,2022-02-03 09:03:50,-23.865,35.3833,90.05,52,0,6.91
471,Pundaguitan,PH,2022-02-03 09:03:51,6.3711,126.1689,80.92,72,100,13.78
472,Sikasso,ML,2022-02-03 09:03:52,10.9167,-7.0,75.36,12,7,5.61
473,Nhulunbuy,AU,2022-02-03 09:03:53,-12.2333,136.7667,84.81,74,40,14.97
474,Allapalli,IN,2022-02-03 09:03:54,19.4167,80.0667,91.29,27,1,9.86
475,Bom Jesus Da Lapa,BR,2022-02-03 09:03:54,-13.255,-43.4181,70.68,84,75,2.17
476,Ballina,AU,2022-02-03 09:03:55,-28.8667,153.5667,68.77,99,100,20.36
477,Saint-Georges,GD,2022-02-03 09:03:56,12.0564,-61.7485,78.48,78,40,13.8
478,Babushkin,RU,2022-02-03 09:03:57,51.7122,105.8647,9.1,93,74,1.59
479,Tazovskiy,RU,2022-02-03 09:03:58,67.4667,78.7,-11.06,97,47,12.75
480,Kidal,ML,2022-02-03 09:03:59,18.4411,1.4078,66.94,12,8,23.64
481,Barra Da Estiva,BR,2022-02-03 09:04:00,-13.6261,-41.3269,62.96,89,83,2.46
482,Thanh Hoa,VN,2022-02-03 09:04:01,19.8,105.7667,61.74,56,88,4.88
483,Najran,SA,2022-02-03 09:04:02,17.4924,44.1277,73.96,23,100,7.36
484,Ilebo,CD,2022-02-03 09:02:26,-4.3167,20.5833,70.59,98,100,1.68
485,Ajdabiya,LY,2022-02-03 09:04:03,30.7554,20.2263,58.44,52,4,25.46
486,Jawhar,SO,2022-02-03 09:04:04,2.7809,45.5005,93.45,30,64,15.43
487,Dawlatabad,AF,2022-02-03 09:04:05,36.4141,64.9053,54.88,39,0,14.16
488,Prescott,US,2022-02-03 09:00:15,34.54,-112.4685,27.9,39,3,1.99
489,Daru,PG,2022-02-03 09:04:06,-9.0763,143.2092,80.98,78,78,3.98
490,Rongcheng,CN,2022-02-03 09:04:07,30.634,117.8517,36.39,99,100,3.67
491,Asyut,EG,2022-02-03 09:02:45,27.181,31.1837,64.29,23,0,17.78
492,Olovyannaya,RU,2022-02-03 09:04:08,50.95,115.5667,-12.3,95,6,3.22
493,Shaowu,CN,2022-02-03 09:04:09,27.3409,117.4831,41.07,92,100,2.98
494,Susanville,US,2022-02-03 09:04:10,40.4163,-120.653,21.81,77,0,1.01
495,Ankazoabo,MG,2022-02-03 09:04:11,-22.2833,44.5167,98.31,23,0,3.24
496,Baykalsk,RU,2022-02-03 09:04:12,51.5058,104.1469,12.43,92,29,2.15
497,Ibra,OM,2022-02-03 09:04:13,22.6906,58.5334,79.52,16,0,5.23
498,Grindavik,IS,2022-02-03 09:04:14,63.8424,-22.4338,23.47,80,20,10.36
499,Sattahip,TH,2022-02-03 09:04:15,12.6664,100.9007,89.29,70,20,8.05
500,Los Llanos De Aridane,ES,2022-02-03 09:04:16,28.6585,-17.9182,69.55,71,0,1.99
501,Raudeberg,NO,2022-02-03 09:04:16,61.9875,5.1352,36.86,89,100,3.0
502,Coos Bay,US,2022-02-03 09:04:17,43.3665,-124.2179,44.92,100,40,5.75
503,Gauribidanur,IN,2022-02-03 09:04:18,13.6111,77.5167,86.92,29,2,6.8
504,Cabo San Lucas,MX,2022-02-03 09:00:01,22.8909,-109.9124,69.51,69,100,6.98
505,Nantucket,US,2022-02-03 09:04:19,41.2835,-70.0995,42.15,94,100,5.75
506,Omboue,GA,2022-02-03 09:03:28,-1.5746,9.2618,78.76,83,100,4.29
507,Warragul,AU,2022-02-03 09:04:20,-38.1667,145.9333,62.73,62,50,5.01
508,Gull Lake,CA,2022-02-03 09:04:21,50.1001,-108.4847,-4.68,88,69,15.59
509,Pisco,PE,2022-02-03 09:04:22,-13.7,-76.2167,68.05,77,0,3.44
510,Darnah,LY,2022-02-03 09:04:23,32.767,22.6367,55.13,60,76,37.02
511,Kattivakkam,IN,2022-02-03 09:02:35,13.2167,80.3167,87.89,66,5,11.45
512,Vestmanna,FO,2022-02-03 09:05:24,62.1564,-7.1664,45.52,87,100,13.8
513,Kavieng,PG,2022-02-03 09:05:25,-2.5744,150.7967,78.87,83,100,9.24
514,Stonewall,CA,2022-02-03 09:05:26,50.1344,-97.3268,-28.28,98,8,5.66
515,Marsa Matruh,EG,2022-02-03 09:05:27,31.3525,27.2453,55.44,59,58,25.55
516,Westport,US,2022-02-03 09:05:28,41.1415,-73.3579,41.77,96,100,1.01
517,San Andres,CO,2022-02-03 09:05:29,12.5847,-81.7006,78.82,83,40,9.22
518,Sola,VU,2022-02-03 09:01:33,-13.8833,167.55,82.09,77,100,19.64
519,Saint-Junien,FR,2022-02-03 09:05:30,45.8833,0.9,36.18,75,100,1.25
520,Aksarka,RU,2022-02-03 09:05:31,66.5606,67.7975,-10.8,98,89,6.17
521,Poum,NC,2022-02-03 09:05:31,-20.2333,164.0167,82.8,73,89,6.11
522,Touros,BR,2022-02-03 09:05:32,-5.1989,-35.4608,76.1,77,99,11.14
523,Matagami,CA,2022-02-03 09:05:33,49.7502,-77.6328,-19.84,100,100,2.24
524,La Rioja,ES,2022-02-03 09:05:34,42.25,-2.5,26.38,29,66,3.69
525,La Ligua,CL,2022-02-03 09:05:35,-32.4524,-71.2311,55.18,86,0,1.52
526,Vila,PT,2022-02-03 09:05:35,42.0304,-8.1588,42.33,72,100,3.47
527,Owando,CG,2022-02-03 09:05:36,-0.4819,15.8999,84.34,53,100,4.9
528,Shakawe,BW,2022-02-03 09:05:37,-18.3667,21.85,81.19,63,56,4.88
529,Yuyao,CN,2022-02-03 09:05:38,30.05,121.1494,44.8,94,100,5.97
530,Todos Santos,MX,2022-02-03 09:05:39,23.45,-110.2167,66.11,75,100,8.93
531,Polunochnoye,RU,2022-02-03 09:05:40,60.8697,60.4153,21.18,91,93,5.12
532,Matara,LK,2022-02-03 09:05:41,5.9485,80.5353,85.06,57,5,8.84
533,Christchurch,NZ,2022-02-03 09:05:42,-43.5333,172.6333,61.92,85,100,5.99
534,Pimenta Bueno,BR,2022-02-03 09:05:43,-11.6725,-61.1936,71.83,98,100,2.24
535,Mgandu,TZ,2022-02-03 09:05:44,-5.95,34.1333,73.47,66,98,5.14
536,Santa Vitoria Do Palmar,BR,2022-02-03 09:05:45,-33.5189,-53.3681,69.21,94,26,6.62
537,Bolivar,US,2022-02-03 09:03:03,37.6145,-93.4105,15.08,91,100,17.58
538,Mujiayingzi,CN,2022-02-03 09:05:46,42.1167,118.7833,11.88,54,6,11.32
539,Aktau,KZ,2022-02-03 09:05:47,43.65,51.2,59.58,41,14,25.55
540,La Baule-Escoublac,FR,2022-02-03 09:05:48,47.2922,-2.364,45.91,98,100,4.61
541,Pangoa,PE,2022-02-03 09:05:49,-12.1167,-73.0,66.18,99,100,2.44
542,Iquique,CL,2022-02-03 09:04:01,-20.2208,-70.1431,62.64,80,10,4.07
543,Rey Bouba,CM,2022-02-03 09:05:50,8.6724,14.1786,82.08,11,1,5.88
544,Yatou,CN,2022-02-03 09:05:51,37.15,122.3833,31.42,50,9,3.47
545,Esil,KZ,2022-02-03 09:05:52,51.9556,66.4042,20.12,88,84,8.46
546,Along,IN,2022-02-03 09:05:53,28.1667,94.7667,65.41,51,88,3.42
547,Hillsborough,US,2022-02-03 09:05:53,37.5741,-122.3794,54.41,63,0,6.91
548,Atambua,ID,2022-02-03 09:05:54,-9.1061,124.8925,76.89,84,90,6.69
549,Senneterre,CA,2022-02-03 09:05:55,48.3835,-77.2328,0.03,92,100,6.8
550,Monteria,CO,2022-02-03 09:05:56,8.748,-75.8814,74.71,90,52,3.31
551,Spring Valley,US,2022-02-03 09:05:22,36.108,-115.245,36.79,25,0,9.22
552,Blois,FR,2022-02-03 09:05:57,47.5833,1.3333,42.39,91,100,4.76
553,Camden,US,2022-02-03 09:05:36,39.7835,-74.9663,40.57,94,100,4.23
554,Namibe,AO,2022-02-03 09:06:58,-15.1961,12.1522,77.58,54,8,7.43
555,Talnakh,RU,2022-02-03 09:06:59,69.4865,88.3972,-10.25,99,99,7.02
556,Pangnirtung,CA,2022-02-03 09:07:00,66.1451,-65.7125,5.27,95,100,3.49
557,Saldanha,ZA,2022-02-03 09:07:01,-33.0117,17.9442,66.04,86,65,11.63
558,Victor Harbor,AU,2022-02-03 09:07:01,-35.5667,138.6167,69.8,71,6,3.0
559,State College,US,2022-02-03 09:03:32,40.7934,-77.86,39.22,93,100,1.01
560,Yabelo,ET,2022-02-03 09:07:03,4.8833,38.0833,76.96,23,81,18.34
561,Wanning,CN,2022-02-03 09:07:03,18.8003,110.3967,67.26,80,64,14.16
562,Fukue,JP,2022-02-03 09:07:04,32.6881,128.8419,45.19,57,100,16.55
563,Balsta,SE,2022-02-03 09:07:05,59.5671,17.5278,27.23,92,80,1.21
564,Lohardaga,IN,2022-02-03 09:07:06,23.4333,84.6833,75.06,27,17,8.68
565,Istok,XK,2022-02-03 09:07:07,42.7808,20.4875,38.32,66,13,8.88
566,Svetlograd,RU,2022-02-03 09:07:08,45.3353,42.8547,44.58,67,96,5.64
567,Haverfordwest,GB,2022-02-03 09:07:08,51.8017,-4.9691,48.06,94,75,5.01
568,Ostrovnoy,RU,2022-02-03 09:07:09,68.0531,39.5131,19.94,88,100,13.65
569,Coihaique,CL,2022-02-03 09:03:21,-45.5752,-72.0662,54.21,94,20,4.61
